Nombre,Direccion,URL
Abogado Sergio Diaz,Prat 350 Ofi. 706,https://amarillas.emol.com/empresa/2000914/abogado-sergio-diaz
Mauricio Caussade Goycoolea,"Av. Kennedy Lateral 5488, oficina 203",https://amarillas.emol.com/empresa/525013/mauricio-caussade-goycoolea
ABOGADOS R & R,La Concepción 81 oficina 319,https://amarillas.emol.com/empresa/2000127/abogados-r-r
Abogados MQM Valdivia,alonso de benitez 1904,https://amarillas.emol.com/empresa/2001517/abogados-mqm-valdivia
BCK  ABOGADOSY CONTADORES AUDITORES,Arlequi 263 piso 6,https://amarillas.emol.com/empresa/2001911/bck-abogadosy-contadores-auditores
BCG CONTADORES AUDITORES Y ABOGADOS,Eizaguirre 450 piso 2 .,https://amarillas.emol.com/empresa/2001904/bcg-contadores-auditores-y-abogados
BCM CONTADORES AUDITORES Y ABOGADOS,Paseo Baquedano 1129 ,https://amarillas.emol.com/empresa/2001909/bcm-contadores-auditores-y-abogados
abogados lex juicios,San Antonio 19 oficina 1003 ,https://amarillas.emol.com/empresa/2000582/abogados-lex-juicios
Abogados Maipu,General Ordoñez 30,https://amarillas.emol.com/empresa/2000929/abogados-maipu
BCK  ABOGADOS Y CONTADORES AUDITORES,Avenida Providencia 1208 Piso 16 ,https://amarillas.emol.com/empresa/2001910/bck-abogados-y-contadores-auditores
BCK CONTADORES AUDITORES Y ABOGADOS,Avenida Bernardo Ohiggins 770 Piso 1 ,https://amarillas.emol.com/empresa/2001908/bck-contadores-auditores-y-abogados
Sarmiento & Núñez Abogados,"Prat 461, oficina 1606",https://amarillas.emol.com/empresa/524943/sarmiento-nunez-abogados
ABOGADOS TRIBUTARIOS SAN SEBASTIAN,Av Mexico 9553,https://amarillas.emol.com/empresa/2000884/abogados-tributarios-san-sebastian
RECEPTORA  ESPERGUEL,"Vicuña Mackena 380 of 10, segundo piso",https://amarillas.emol.com/empresa/2001421/receptora-esperguel
Urrutia Letelier Abogados,"Los Militares 5620, oficina 905",https://amarillas.emol.com/empresa/2000050/urrutia-letelier-abogados
BCG CONTADORES AUDITORES Y ABOGADOS,Eizaguirre 450 piso 2 .,https://amarillas.emol.com/empresa/2001907/bcg-contadores-auditores-y-abogados
Centro de Mediación Bicentenario,Bilbao  (Edificio Bicentenario ) 1129,https://amarillas.emol.com/empresa/31549/centro-de-mediacion-bicentenario
Rodríguez Abogado Defensor Penal ,5 oriente 1591,https://amarillas.emol.com/empresa/2001127/rodriguez-abogado-defensor-penal
BCG CONTADORES AUDITORES Y ABOGADOS,Eizaguirre 450 piso 2 .,https://amarillas.emol.com/empresa/2001906/bcg-contadores-auditores-y-abogados
Pleito Laboral Abogados,Avenida Presidente Kennedy 7440 oficina 402,https://amarillas.emol.com/empresa/2000053/pleito-laboral-abogados
HANS MEYER BELTRAN,"oficina Petronila, 165 casa 70",https://amarillas.emol.com/empresa/2000560/hans-meyer-beltran
CAMPOS Y CIA ABOGADOS SEBASTIAN CAMPOS MIRANDA,"AV, LAS CONDES 10465 0FICINA 105",https://amarillas.emol.com/empresa/2000806/campos-y-cia-abogados-sebastian-campos-miranda
Abogados Luis  Urrutia,"Los Militares 5620, oficina 905",https://amarillas.emol.com/empresa/2001520/luis-urrutia-abogados
BCK  ABOGADOS Y CONTADORES AUDITORES,Avenida Providencia 1208 Piso 16 ,https://amarillas.emol.com/empresa/2001912/bck-abogados-y-contadores-auditores
Abogados R & R,"Bombero Ossa 1010, Of. 320",https://amarillas.emol.com/empresa/32396/abogados-r-r
Estudio Jurídico Santis y Asociados,"Avenida Cuatro Sur 2194, Of. 2 Barrancas",https://amarillas.emol.com/empresa/31798/estudio-juridico-santis-y-asociados
Sarmiento & Núñez Abogados,"Prat 461, Of. 1606",https://amarillas.emol.com/empresa/31953/sarmiento-nunez-abogados
Estudio Jurídico Defiende tu Familia,"Apoquindo 6410, Of. 605",https://amarillas.emol.com/empresa/32394/estudio-juridico-defiende-tu-familia
ABOGADOS DIAZ Y ASOCIADOS,"Avenida Valparaíso 2650, Oficina 3",https://amarillas.emol.com/empresa/2001290/abogados-diaz-y-asociados
Abogado Tributario LET,"Bombero Ossa 1010, Of. 308",https://amarillas.emol.com/empresa/32242/abogado-tributario-let
BG Bustos Gómez Abogados,"Don Carlos 2939, Oficina 801",https://amarillas.emol.com/empresa/2002230/bg-bustos-gomez-abogados
Carlos S Arce Cornejo,"Valparaíso 585, Of. 703",https://amarillas.emol.com/empresa/24570/carlos-s-arce-cornejo
Abogados Barraza Rojas & Cía. Ltda.,Jorge Washington 2461,https://amarillas.emol.com/empresa/2002147/abogados-barraza-rojas-cia-ltda
MARCIA  GALLARDO ABOGADO,MANUEL ANTONIO MATTA 189,https://amarillas.emol.com/empresa/2001390/marcia-gallardo-abogado
Abogado Orietta Rodríguez - Identidad Legal,"Huérfanos 1117, Of. 332",https://amarillas.emol.com/empresa/31563/abogado-orietta-rodriguez---identidad-legal
Hagedorn y Belmar Abogados,Urmeneta 305,https://amarillas.emol.com/empresa/120058/hagedorn-y-belmar-abogados
Demanda Colectiva AFP,"13 Norte 853, Of. 803",https://amarillas.emol.com/empresa/31336/demanda-colectiva-afp
Geisse y Asociados,Aníbal Pinto 1729,https://amarillas.emol.com/empresa/32171/geisse-y-asociados
Abogado Laboral Rodrigo Muñoz Sandrock,"Paseo Huérfanos 1117, Of. 628",https://amarillas.emol.com/empresa/28479/abogado-laboral-rodrigo-munoz-sandrock
Abogados Nomasjuntos,Teniente  Serrano 550  Of 10  Terminal de buses  ,https://amarillas.emol.com/empresa/2001682/abogados-nomasjuntoscl
Parot & Asociados,"Cerro el Plomo 5931, Of. 510 Metro Manquehue",https://amarillas.emol.com/empresa/29229/parot-asociados
Abogada Johana Godoy Escobar,"calle Tucapel 452, Of. M Edificio Tribunales",https://amarillas.emol.com/empresa/24893/abogada-johana-godoy-escobar
Clark & Cía Abogados,"Calle Colo Colo 379, Of. 604",https://amarillas.emol.com/empresa/30986/clark-cia-abogados
Tapia Elorza Y Compañía Abogados,Camino Internacional 1870 Oficina 16,https://amarillas.emol.com/empresa/2231/tapia-elorza-y-compania-abogados
Abogados Pucon.cl,Lautaro 325 oficina 604,https://amarillas.emol.com/empresa/2000825/abogados-puconcl
Abogado Nicolas Arismendi,"Calle Lincoyán 445, Piso, 3",https://amarillas.emol.com/empresa/2000603/abogado-nicolas-arismendi
Estudio Jurídico del Trabajador,Los Carrera # 335 Oficina 201,https://amarillas.emol.com/empresa/29074/estudio-juridico-del-trabajador
"ESTUDIO JURIDICO ""SEGOVIA & ASOCIADOS""","Carlos Anwandter 635, Piso 1",https://amarillas.emol.com/empresa/2002135/estudio-juridico-segovia-asociados
Carole Montory Abogados Asociados,"Astorga 260, Of. 5",https://amarillas.emol.com/empresa/30388/carole-montory-abogados-asociados
